{
    "rmse": 0.7030768963432192,
    "mae": 0.5308498267281103,
    "r2": 0.3006018574912611
}